ml_threshold,physical_threshold,minimum_windows,gap,minimum_collision_frames,accuracy,precision,recall,f1,tn,fp,fn,tp
0.35,20.0,1.0,1.5,0.0,0.6,1.0,0.2,0.3333333333333333,5,0,4,1
0.35,20.0,1.0,1.5,1.0,0.6,1.0,0.2,0.3333333333333333,5,0,4,1
0.35,20.0,1.0,2.0,0.0,0.6,1.0,0.2,0.3333333333333333,5,0,4,1
0.35,20.0,1.0,2.0,1.0,0.6,1.0,0.2,0.3333333333333333,5,0,4,1
0.35,20.0,1.0,2.5,0.0,0.6,1.0,0.2,0.3333333333333333,5,0,4,1
0.35,20.0,1.0,2.5,1.0,0.6,1.0,0.2,0.3333333333333333,5,0,4,1
0.35,25.0,1.0,1.5,0.0,0.6,1.0,0.2,0.3333333333333333,5,0,4,1
0.35,25.0,1.0,1.5,1.0,0.6,1.0,0.2,0.3333333333333333,5,0,4,1
0.35,25.0,1.0,2.0,0.0,0.6,1.0,0.2,0.3333333333333333,5,0,4,1
0.35,25.0,1.0,2.0,1.0,0.6,1.0,0.2,0.3333333333333333,5,0,4,1
0.35,25.0,1.0,2.5,0.0,0.6,1.0,0.2,0.3333333333333333,5,0,4,1
0.35,25.0,1.0,2.5,1.0,0.6,1.0,0.2,0.3333333333333333,5,0,4,1
0.35,30.0,1.0,1.5,0.0,0.6,1.0,0.2,0.3333333333333333,5,0,4,1
0.35,30.0,1.0,1.5,1.0,0.6,1.0,0.2,0.3333333333333333,5,0,4,1
0.35,30.0,1.0,2.0,0.0,0.6,1.0,0.2,0.3333333333333333,5,0,4,1
0.35,30.0,1.0,2.0,1.0,0.6,1.0,0.2,0.3333333333333333,5,0,4,1
0.35,30.0,1.0,2.5,0.0,0.6,1.0,0.2,0.3333333333333333,5,0,4,1
0.35,30.0,1.0,2.5,1.0,0.6,1.0,0.2,0.3333333333333333,5,0,4,1
0.35,35.0,1.0,1.5,0.0,0.6,1.0,0.2,0.3333333333333333,5,0,4,1
0.35,35.0,1.0,1.5,1.0,0.6,1.0,0.2,0.3333333333333333,5,0,4,1
0.35,35.0,1.0,2.0,0.0,0.6,1.0,0.2,0.3333333333333333,5,0,4,1
0.35,35.0,1.0,2.0,1.0,0.6,1.0,0.2,0.3333333333333333,5,0,4,1
0.35,35.0,1.0,2.5,0.0,0.6,1.0,0.2,0.3333333333333333,5,0,4,1
0.35,35.0,1.0,2.5,1.0,0.6,1.0,0.2,0.3333333333333333,5,0,4,1
0.35,40.0,1.0,1.5,0.0,0.6,1.0,0.2,0.3333333333333333,5,0,4,1
0.35,40.0,1.0,1.5,1.0,0.6,1.0,0.2,0.3333333333333333,5,0,4,1
0.35,40.0,1.0,2.0,0.0,0.6,1.0,0.2,0.3333333333333333,5,0,4,1
0.35,40.0,1.0,2.0,1.0,0.6,1.0,0.2,0.3333333333333333,5,0,4,1
0.35,40.0,1.0,2.5,0.0,0.6,1.0,0.2,0.3333333333333333,5,0,4,1
0.35,40.0,1.0,2.5,1.0,0.6,1.0,0.2,0.3333333333333333,5,0,4,1
0.4,20.0,1.0,1.5,0.0,0.6,1.0,0.2,0.3333333333333333,5,0,4,1
0.4,20.0,1.0,1.5,1.0,0.6,1.0,0.2,0.3333333333333333,5,0,4,1
0.4,20.0,1.0,2.0,0.0,0.6,1.0,0.2,0.3333333333333333,5,0,4,1
0.4,20.0,1.0,2.0,1.0,0.6,1.0,0.2,0.3333333333333333,5,0,4,1
0.4,20.0,1.0,2.5,0.0,0.6,1.0,0.2,0.3333333333333333,5,0,4,1
0.4,20.0,1.0,2.5,1.0,0.6,1.0,0.2,0.3333333333333333,5,0,4,1
0.4,25.0,1.0,1.5,0.0,0.6,1.0,0.2,0.3333333333333333,5,0,4,1
0.4,25.0,1.0,1.5,1.0,0.6,1.0,0.2,0.3333333333333333,5,0,4,1
0.4,25.0,1.0,2.0,0.0,0.6,1.0,0.2,0.3333333333333333,5,0,4,1
0.4,25.0,1.0,2.0,1.0,0.6,1.0,0.2,0.3333333333333333,5,0,4,1
0.4,25.0,1.0,2.5,0.0,0.6,1.0,0.2,0.3333333333333333,5,0,4,1
0.4,25.0,1.0,2.5,1.0,0.6,1.0,0.2,0.3333333333333333,5,0,4,1
0.4,30.0,1.0,1.5,0.0,0.6,1.0,0.2,0.3333333333333333,5,0,4,1
0.4,30.0,1.0,1.5,1.0,0.6,1.0,0.2,0.3333333333333333,5,0,4,1
0.4,30.0,1.0,2.0,0.0,0.6,1.0,0.2,0.3333333333333333,5,0,4,1
0.4,30.0,1.0,2.0,1.0,0.6,1.0,0.2,0.3333333333333333,5,0,4,1
0.4,30.0,1.0,2.5,0.0,0.6,1.0,0.2,0.3333333333333333,5,0,4,1
0.4,30.0,1.0,2.5,1.0,0.6,1.0,0.2,0.3333333333333333,5,0,4,1
0.4,35.0,1.0,1.5,0.0,0.6,1.0,0.2,0.3333333333333333,5,0,4,1
0.4,35.0,1.0,1.5,1.0,0.6,1.0,0.2,0.3333333333333333,5,0,4,1
0.4,35.0,1.0,2.0,0.0,0.6,1.0,0.2,0.3333333333333333,5,0,4,1
0.4,35.0,1.0,2.0,1.0,0.6,1.0,0.2,0.3333333333333333,5,0,4,1
0.4,35.0,1.0,2.5,0.0,0.6,1.0,0.2,0.3333333333333333,5,0,4,1
0.4,35.0,1.0,2.5,1.0,0.6,1.0,0.2,0.3333333333333333,5,0,4,1
0.4,40.0,1.0,1.5,0.0,0.6,1.0,0.2,0.3333333333333333,5,0,4,1
0.4,40.0,1.0,1.5,1.0,0.6,1.0,0.2,0.3333333333333333,5,0,4,1
0.4,40.0,1.0,2.0,0.0,0.6,1.0,0.2,0.3333333333333333,5,0,4,1
0.4,40.0,1.0,2.0,1.0,0.6,1.0,0.2,0.3333333333333333,5,0,4,1
0.4,40.0,1.0,2.5,0.0,0.6,1.0,0.2,0.3333333333333333,5,0,4,1
0.4,40.0,1.0,2.5,1.0,0.6,1.0,0.2,0.3333333333333333,5,0,4,1
0.45,20.0,1.0,1.5,0.0,0.6,1.0,0.2,0.3333333333333333,5,0,4,1
0.45,20.0,1.0,1.5,1.0,0.6,1.0,0.2,0.3333333333333333,5,0,4,1
0.45,20.0,1.0,2.0,0.0,0.6,1.0,0.2,0.3333333333333333,5,0,4,1
0.45,20.0,1.0,2.0,1.0,0.6,1.0,0.2,0.3333333333333333,5,0,4,1
0.45,20.0,1.0,2.5,0.0,0.6,1.0,0.2,0.3333333333333333,5,0,4,1
0.45,20.0,1.0,2.5,1.0,0.6,1.0,0.2,0.3333333333333333,5,0,4,1
0.45,25.0,1.0,1.5,0.0,0.6,1.0,0.2,0.3333333333333333,5,0,4,1
0.45,25.0,1.0,1.5,1.0,0.6,1.0,0.2,0.3333333333333333,5,0,4,1
0.45,25.0,1.0,2.0,0.0,0.6,1.0,0.2,0.3333333333333333,5,0,4,1
0.45,25.0,1.0,2.0,1.0,0.6,1.0,0.2,0.3333333333333333,5,0,4,1
0.45,25.0,1.0,2.5,0.0,0.6,1.0,0.2,0.3333333333333333,5,0,4,1
0.45,25.0,1.0,2.5,1.0,0.6,1.0,0.2,0.3333333333333333,5,0,4,1
0.45,30.0,1.0,1.5,0.0,0.6,1.0,0.2,0.3333333333333333,5,0,4,1
0.45,30.0,1.0,1.5,1.0,0.6,1.0,0.2,0.3333333333333333,5,0,4,1
0.45,30.0,1.0,2.0,0.0,0.6,1.0,0.2,0.3333333333333333,5,0,4,1
0.45,30.0,1.0,2.0,1.0,0.6,1.0,0.2,0.3333333333333333,5,0,4,1
0.45,30.0,1.0,2.5,0.0,0.6,1.0,0.2,0.3333333333333333,5,0,4,1
0.45,30.0,1.0,2.5,1.0,0.6,1.0,0.2,0.3333333333333333,5,0,4,1
0.45,35.0,1.0,1.5,0.0,0.6,1.0,0.2,0.3333333333333333,5,0,4,1
0.45,35.0,1.0,1.5,1.0,0.6,1.0,0.2,0.3333333333333333,5,0,4,1
0.45,35.0,1.0,2.0,0.0,0.6,1.0,0.2,0.3333333333333333,5,0,4,1
0.45,35.0,1.0,2.0,1.0,0.6,1.0,0.2,0.3333333333333333,5,0,4,1
0.45,35.0,1.0,2.5,0.0,0.6,1.0,0.2,0.3333333333333333,5,0,4,1
0.45,35.0,1.0,2.5,1.0,0.6,1.0,0.2,0.3333333333333333,5,0,4,1
0.45,40.0,1.0,1.5,0.0,0.6,1.0,0.2,0.3333333333333333,5,0,4,1
0.45,40.0,1.0,1.5,1.0,0.6,1.0,0.2,0.3333333333333333,5,0,4,1
0.45,40.0,1.0,2.0,0.0,0.6,1.0,0.2,0.3333333333333333,5,0,4,1
0.45,40.0,1.0,2.0,1.0,0.6,1.0,0.2,0.3333333333333333,5,0,4,1
0.45,40.0,1.0,2.5,0.0,0.6,1.0,0.2,0.3333333333333333,5,0,4,1
0.45,40.0,1.0,2.5,1.0,0.6,1.0,0.2,0.3333333333333333,5,0,4,1
0.5,20.0,1.0,1.5,0.0,0.6,1.0,0.2,0.3333333333333333,5,0,4,1
0.5,20.0,1.0,1.5,1.0,0.6,1.0,0.2,0.3333333333333333,5,0,4,1
0.5,20.0,1.0,2.0,0.0,0.6,1.0,0.2,0.3333333333333333,5,0,4,1
0.5,20.0,1.0,2.0,1.0,0.6,1.0,0.2,0.3333333333333333,5,0,4,1
0.5,20.0,1.0,2.5,0.0,0.6,1.0,0.2,0.3333333333333333,5,0,4,1
0.5,20.0,1.0,2.5,1.0,0.6,1.0,0.2,0.3333333333333333,5,0,4,1
0.5,25.0,1.0,1.5,0.0,0.6,1.0,0.2,0.3333333333333333,5,0,4,1
0.5,25.0,1.0,1.5,1.0,0.6,1.0,0.2,0.3333333333333333,5,0,4,1
0.5,25.0,1.0,2.0,0.0,0.6,1.0,0.2,0.3333333333333333,5,0,4,1
0.5,25.0,1.0,2.0,1.0,0.6,1.0,0.2,0.3333333333333333,5,0,4,1
0.5,25.0,1.0,2.5,0.0,0.6,1.0,0.2,0.3333333333333333,5,0,4,1
0.5,25.0,1.0,2.5,1.0,0.6,1.0,0.2,0.3333333333333333,5,0,4,1
0.5,30.0,1.0,1.5,0.0,0.6,1.0,0.2,0.3333333333333333,5,0,4,1
0.5,30.0,1.0,1.5,1.0,0.6,1.0,0.2,0.3333333333333333,5,0,4,1
0.5,30.0,1.0,2.0,0.0,0.6,1.0,0.2,0.3333333333333333,5,0,4,1
0.5,30.0,1.0,2.0,1.0,0.6,1.0,0.2,0.3333333333333333,5,0,4,1
0.5,30.0,1.0,2.5,0.0,0.6,1.0,0.2,0.3333333333333333,5,0,4,1
0.5,30.0,1.0,2.5,1.0,0.6,1.0,0.2,0.3333333333333333,5,0,4,1
0.5,35.0,1.0,1.5,0.0,0.6,1.0,0.2,0.3333333333333333,5,0,4,1
0.5,35.0,1.0,1.5,1.0,0.6,1.0,0.2,0.3333333333333333,5,0,4,1
0.5,35.0,1.0,2.0,0.0,0.6,1.0,0.2,0.3333333333333333,5,0,4,1
0.5,35.0,1.0,2.0,1.0,0.6,1.0,0.2,0.3333333333333333,5,0,4,1
0.5,35.0,1.0,2.5,0.0,0.6,1.0,0.2,0.3333333333333333,5,0,4,1
0.5,35.0,1.0,2.5,1.0,0.6,1.0,0.2,0.3333333333333333,5,0,4,1
0.5,40.0,1.0,1.5,0.0,0.6,1.0,0.2,0.3333333333333333,5,0,4,1
0.5,40.0,1.0,1.5,1.0,0.6,1.0,0.2,0.3333333333333333,5,0,4,1
0.5,40.0,1.0,2.0,0.0,0.6,1.0,0.2,0.3333333333333333,5,0,4,1
0.5,40.0,1.0,2.0,1.0,0.6,1.0,0.2,0.3333333333333333,5,0,4,1
0.5,40.0,1.0,2.5,0.0,0.6,1.0,0.2,0.3333333333333333,5,0,4,1
0.5,40.0,1.0,2.5,1.0,0.6,1.0,0.2,0.3333333333333333,5,0,4,1
0.3,20.0,1.0,1.5,0.0,0.5,0.5,0.2,0.2857142857142857,4,1,4,1
0.3,20.0,1.0,1.5,1.0,0.5,0.5,0.2,0.2857142857142857,4,1,4,1
0.3,20.0,1.0,2.0,0.0,0.5,0.5,0.2,0.2857142857142857,4,1,4,1
0.3,20.0,1.0,2.0,1.0,0.5,0.5,0.2,0.2857142857142857,4,1,4,1
0.3,20.0,1.0,2.5,0.0,0.5,0.5,0.2,0.2857142857142857,4,1,4,1
0.3,20.0,1.0,2.5,1.0,0.5,0.5,0.2,0.2857142857142857,4,1,4,1
0.3,25.0,1.0,1.5,0.0,0.5,0.5,0.2,0.2857142857142857,4,1,4,1
0.3,25.0,1.0,1.5,1.0,0.5,0.5,0.2,0.2857142857142857,4,1,4,1
0.3,25.0,1.0,2.0,0.0,0.5,0.5,0.2,0.2857142857142857,4,1,4,1
0.3,25.0,1.0,2.0,1.0,0.5,0.5,0.2,0.2857142857142857,4,1,4,1
0.3,25.0,1.0,2.5,0.0,0.5,0.5,0.2,0.2857142857142857,4,1,4,1
0.3,25.0,1.0,2.5,1.0,0.5,0.5,0.2,0.2857142857142857,4,1,4,1
0.3,30.0,1.0,1.5,0.0,0.5,0.5,0.2,0.2857142857142857,4,1,4,1
0.3,30.0,1.0,1.5,1.0,0.5,0.5,0.2,0.2857142857142857,4,1,4,1
0.3,30.0,1.0,2.0,0.0,0.5,0.5,0.2,0.2857142857142857,4,1,4,1
0.3,30.0,1.0,2.0,1.0,0.5,0.5,0.2,0.2857142857142857,4,1,4,1
0.3,30.0,1.0,2.5,0.0,0.5,0.5,0.2,0.2857142857142857,4,1,4,1
0.3,30.0,1.0,2.5,1.0,0.5,0.5,0.2,0.2857142857142857,4,1,4,1
0.3,35.0,1.0,1.5,0.0,0.5,0.5,0.2,0.2857142857142857,4,1,4,1
0.3,35.0,1.0,1.5,1.0,0.5,0.5,0.2,0.2857142857142857,4,1,4,1
0.3,35.0,1.0,2.0,0.0,0.5,0.5,0.2,0.2857142857142857,4,1,4,1
0.3,35.0,1.0,2.0,1.0,0.5,0.5,0.2,0.2857142857142857,4,1,4,1
0.3,35.0,1.0,2.5,0.0,0.5,0.5,0.2,0.2857142857142857,4,1,4,1
0.3,35.0,1.0,2.5,1.0,0.5,0.5,0.2,0.2857142857142857,4,1,4,1
0.3,40.0,1.0,1.5,0.0,0.5,0.5,0.2,0.2857142857142857,4,1,4,1
0.3,40.0,1.0,1.5,1.0,0.5,0.5,0.2,0.2857142857142857,4,1,4,1
0.3,40.0,1.0,2.0,0.0,0.5,0.5,0.2,0.2857142857142857,4,1,4,1
0.3,40.0,1.0,2.0,1.0,0.5,0.5,0.2,0.2857142857142857,4,1,4,1
0.3,40.0,1.0,2.5,0.0,0.5,0.5,0.2,0.2857142857142857,4,1,4,1
0.3,40.0,1.0,2.5,1.0,0.5,0.5,0.2,0.2857142857142857,4,1,4,1
0.3,20.0,1.0,1.5,2.0,0.4,0.0,0.0,0.0,4,1,5,0
0.3,20.0,1.0,2.0,2.0,0.4,0.0,0.0,0.0,4,1,5,0
0.3,20.0,1.0,2.5,2.0,0.4,0.0,0.0,0.0,4,1,5,0
0.3,20.0,2.0,1.5,0.0,0.5,0.0,0.0,0.0,5,0,5,0
0.3,20.0,2.0,1.5,1.0,0.5,0.0,0.0,0.0,5,0,5,0
0.3,20.0,2.0,1.5,2.0,0.5,0.0,0.0,0.0,5,0,5,0
0.3,20.0,2.0,2.0,0.0,0.5,0.0,0.0,0.0,5,0,5,0
0.3,20.0,2.0,2.0,1.0,0.5,0.0,0.0,0.0,5,0,5,0
0.3,20.0,2.0,2.0,2.0,0.5,0.0,0.0,0.0,5,0,5,0
0.3,20.0,2.0,2.5,0.0,0.5,0.0,0.0,0.0,5,0,5,0
0.3,20.0,2.0,2.5,1.0,0.5,0.0,0.0,0.0,5,0,5,0
0.3,20.0,2.0,2.5,2.0,0.5,0.0,0.0,0.0,5,0,5,0
0.3,25.0,1.0,1.5,2.0,0.4,0.0,0.0,0.0,4,1,5,0
0.3,25.0,1.0,2.0,2.0,0.4,0.0,0.0,0.0,4,1,5,0
0.3,25.0,1.0,2.5,2.0,0.4,0.0,0.0,0.0,4,1,5,0
0.3,25.0,2.0,1.5,0.0,0.5,0.0,0.0,0.0,5,0,5,0
0.3,25.0,2.0,1.5,1.0,0.5,0.0,0.0,0.0,5,0,5,0
0.3,25.0,2.0,1.5,2.0,0.5,0.0,0.0,0.0,5,0,5,0
0.3,25.0,2.0,2.0,0.0,0.5,0.0,0.0,0.0,5,0,5,0
0.3,25.0,2.0,2.0,1.0,0.5,0.0,0.0,0.0,5,0,5,0
0.3,25.0,2.0,2.0,2.0,0.5,0.0,0.0,0.0,5,0,5,0
0.3,25.0,2.0,2.5,0.0,0.5,0.0,0.0,0.0,5,0,5,0
0.3,25.0,2.0,2.5,1.0,0.5,0.0,0.0,0.0,5,0,5,0
0.3,25.0,2.0,2.5,2.0,0.5,0.0,0.0,0.0,5,0,5,0
0.3,30.0,1.0,1.5,2.0,0.4,0.0,0.0,0.0,4,1,5,0
0.3,30.0,1.0,2.0,2.0,0.4,0.0,0.0,0.0,4,1,5,0
0.3,30.0,1.0,2.5,2.0,0.4,0.0,0.0,0.0,4,1,5,0
0.3,30.0,2.0,1.5,0.0,0.5,0.0,0.0,0.0,5,0,5,0
0.3,30.0,2.0,1.5,1.0,0.5,0.0,0.0,0.0,5,0,5,0
0.3,30.0,2.0,1.5,2.0,0.5,0.0,0.0,0.0,5,0,5,0
0.3,30.0,2.0,2.0,0.0,0.5,0.0,0.0,0.0,5,0,5,0
0.3,30.0,2.0,2.0,1.0,0.5,0.0,0.0,0.0,5,0,5,0
0.3,30.0,2.0,2.0,2.0,0.5,0.0,0.0,0.0,5,0,5,0
0.3,30.0,2.0,2.5,0.0,0.5,0.0,0.0,0.0,5,0,5,0
0.3,30.0,2.0,2.5,1.0,0.5,0.0,0.0,0.0,5,0,5,0
0.3,30.0,2.0,2.5,2.0,0.5,0.0,0.0,0.0,5,0,5,0
0.3,35.0,1.0,1.5,2.0,0.4,0.0,0.0,0.0,4,1,5,0
0.3,35.0,1.0,2.0,2.0,0.4,0.0,0.0,0.0,4,1,5,0
0.3,35.0,1.0,2.5,2.0,0.4,0.0,0.0,0.0,4,1,5,0
0.3,35.0,2.0,1.5,0.0,0.5,0.0,0.0,0.0,5,0,5,0
0.3,35.0,2.0,1.5,1.0,0.5,0.0,0.0,0.0,5,0,5,0
0.3,35.0,2.0,1.5,2.0,0.5,0.0,0.0,0.0,5,0,5,0
0.3,35.0,2.0,2.0,0.0,0.5,0.0,0.0,0.0,5,0,5,0
0.3,35.0,2.0,2.0,1.0,0.5,0.0,0.0,0.0,5,0,5,0
0.3,35.0,2.0,2.0,2.0,0.5,0.0,0.0,0.0,5,0,5,0
0.3,35.0,2.0,2.5,0.0,0.5,0.0,0.0,0.0,5,0,5,0
0.3,35.0,2.0,2.5,1.0,0.5,0.0,0.0,0.0,5,0,5,0
0.3,35.0,2.0,2.5,2.0,0.5,0.0,0.0,0.0,5,0,5,0
0.3,40.0,1.0,1.5,2.0,0.4,0.0,0.0,0.0,4,1,5,0
0.3,40.0,1.0,2.0,2.0,0.4,0.0,0.0,0.0,4,1,5,0
0.3,40.0,1.0,2.5,2.0,0.4,0.0,0.0,0.0,4,1,5,0
0.3,40.0,2.0,1.5,0.0,0.5,0.0,0.0,0.0,5,0,5,0
0.3,40.0,2.0,1.5,1.0,0.5,0.0,0.0,0.0,5,0,5,0
0.3,40.0,2.0,1.5,2.0,0.5,0.0,0.0,0.0,5,0,5,0
0.3,40.0,2.0,2.0,0.0,0.5,0.0,0.0,0.0,5,0,5,0
0.3,40.0,2.0,2.0,1.0,0.5,0.0,0.0,0.0,5,0,5,0
0.3,40.0,2.0,2.0,2.0,0.5,0.0,0.0,0.0,5,0,5,0
0.3,40.0,2.0,2.5,0.0,0.5,0.0,0.0,0.0,5,0,5,0
0.3,40.0,2.0,2.5,1.0,0.5,0.0,0.0,0.0,5,0,5,0
0.3,40.0,2.0,2.5,2.0,0.5,0.0,0.0,0.0,5,0,5,0
0.35,20.0,1.0,1.5,2.0,0.5,0.0,0.0,0.0,5,0,5,0
0.35,20.0,1.0,2.0,2.0,0.5,0.0,0.0,0.0,5,0,5,0
0.35,20.0,1.0,2.5,2.0,0.5,0.0,0.0,0.0,5,0,5,0
0.35,20.0,2.0,1.5,0.0,0.5,0.0,0.0,0.0,5,0,5,0
0.35,20.0,2.0,1.5,1.0,0.5,0.0,0.0,0.0,5,0,5,0
0.35,20.0,2.0,1.5,2.0,0.5,0.0,0.0,0.0,5,0,5,0
0.35,20.0,2.0,2.0,0.0,0.5,0.0,0.0,0.0,5,0,5,0
0.35,20.0,2.0,2.0,1.0,0.5,0.0,0.0,0.0,5,0,5,0
0.35,20.0,2.0,2.0,2.0,0.5,0.0,0.0,0.0,5,0,5,0
0.35,20.0,2.0,2.5,0.0,0.5,0.0,0.0,0.0,5,0,5,0
0.35,20.0,2.0,2.5,1.0,0.5,0.0,0.0,0.0,5,0,5,0
0.35,20.0,2.0,2.5,2.0,0.5,0.0,0.0,0.0,5,0,5,0
0.35,25.0,1.0,1.5,2.0,0.5,0.0,0.0,0.0,5,0,5,0
0.35,25.0,1.0,2.0,2.0,0.5,0.0,0.0,0.0,5,0,5,0
0.35,25.0,1.0,2.5,2.0,0.5,0.0,0.0,0.0,5,0,5,0
0.35,25.0,2.0,1.5,0.0,0.5,0.0,0.0,0.0,5,0,5,0
0.35,25.0,2.0,1.5,1.0,0.5,0.0,0.0,0.0,5,0,5,0
0.35,25.0,2.0,1.5,2.0,0.5,0.0,0.0,0.0,5,0,5,0
0.35,25.0,2.0,2.0,0.0,0.5,0.0,0.0,0.0,5,0,5,0
0.35,25.0,2.0,2.0,1.0,0.5,0.0,0.0,0.0,5,0,5,0
0.35,25.0,2.0,2.0,2.0,0.5,0.0,0.0,0.0,5,0,5,0
0.35,25.0,2.0,2.5,0.0,0.5,0.0,0.0,0.0,5,0,5,0
0.35,25.0,2.0,2.5,1.0,0.5,0.0,0.0,0.0,5,0,5,0
0.35,25.0,2.0,2.5,2.0,0.5,0.0,0.0,0.0,5,0,5,0
0.35,30.0,1.0,1.5,2.0,0.5,0.0,0.0,0.0,5,0,5,0
0.35,30.0,1.0,2.0,2.0,0.5,0.0,0.0,0.0,5,0,5,0
0.35,30.0,1.0,2.5,2.0,0.5,0.0,0.0,0.0,5,0,5,0
0.35,30.0,2.0,1.5,0.0,0.5,0.0,0.0,0.0,5,0,5,0
0.35,30.0,2.0,1.5,1.0,0.5,0.0,0.0,0.0,5,0,5,0
0.35,30.0,2.0,1.5,2.0,0.5,0.0,0.0,0.0,5,0,5,0
0.35,30.0,2.0,2.0,0.0,0.5,0.0,0.0,0.0,5,0,5,0
0.35,30.0,2.0,2.0,1.0,0.5,0.0,0.0,0.0,5,0,5,0
0.35,30.0,2.0,2.0,2.0,0.5,0.0,0.0,0.0,5,0,5,0
0.35,30.0,2.0,2.5,0.0,0.5,0.0,0.0,0.0,5,0,5,0
0.35,30.0,2.0,2.5,1.0,0.5,0.0,0.0,0.0,5,0,5,0
0.35,30.0,2.0,2.5,2.0,0.5,0.0,0.0,0.0,5,0,5,0
0.35,35.0,1.0,1.5,2.0,0.5,0.0,0.0,0.0,5,0,5,0
0.35,35.0,1.0,2.0,2.0,0.5,0.0,0.0,0.0,5,0,5,0
0.35,35.0,1.0,2.5,2.0,0.5,0.0,0.0,0.0,5,0,5,0
0.35,35.0,2.0,1.5,0.0,0.5,0.0,0.0,0.0,5,0,5,0
0.35,35.0,2.0,1.5,1.0,0.5,0.0,0.0,0.0,5,0,5,0
0.35,35.0,2.0,1.5,2.0,0.5,0.0,0.0,0.0,5,0,5,0
0.35,35.0,2.0,2.0,0.0,0.5,0.0,0.0,0.0,5,0,5,0
0.35,35.0,2.0,2.0,1.0,0.5,0.0,0.0,0.0,5,0,5,0
0.35,35.0,2.0,2.0,2.0,0.5,0.0,0.0,0.0,5,0,5,0
0.35,35.0,2.0,2.5,0.0,0.5,0.0,0.0,0.0,5,0,5,0
0.35,35.0,2.0,2.5,1.0,0.5,0.0,0.0,0.0,5,0,5,0
0.35,35.0,2.0,2.5,2.0,0.5,0.0,0.0,0.0,5,0,5,0
0.35,40.0,1.0,1.5,2.0,0.5,0.0,0.0,0.0,5,0,5,0
0.35,40.0,1.0,2.0,2.0,0.5,0.0,0.0,0.0,5,0,5,0
0.35,40.0,1.0,2.5,2.0,0.5,0.0,0.0,0.0,5,0,5,0
0.35,40.0,2.0,1.5,0.0,0.5,0.0,0.0,0.0,5,0,5,0
0.35,40.0,2.0,1.5,1.0,0.5,0.0,0.0,0.0,5,0,5,0
0.35,40.0,2.0,1.5,2.0,0.5,0.0,0.0,0.0,5,0,5,0
0.35,40.0,2.0,2.0,0.0,0.5,0.0,0.0,0.0,5,0,5,0
0.35,40.0,2.0,2.0,1.0,0.5,0.0,0.0,0.0,5,0,5,0
0.35,40.0,2.0,2.0,2.0,0.5,0.0,0.0,0.0,5,0,5,0
0.35,40.0,2.0,2.5,0.0,0.5,0.0,0.0,0.0,5,0,5,0
0.35,40.0,2.0,2.5,1.0,0.5,0.0,0.0,0.0,5,0,5,0
0.35,40.0,2.0,2.5,2.0,0.5,0.0,0.0,0.0,5,0,5,0
0.4,20.0,1.0,1.5,2.0,0.5,0.0,0.0,0.0,5,0,5,0
0.4,20.0,1.0,2.0,2.0,0.5,0.0,0.0,0.0,5,0,5,0
0.4,20.0,1.0,2.5,2.0,0.5,0.0,0.0,0.0,5,0,5,0
0.4,20.0,2.0,1.5,0.0,0.5,0.0,0.0,0.0,5,0,5,0
0.4,20.0,2.0,1.5,1.0,0.5,0.0,0.0,0.0,5,0,5,0
0.4,20.0,2.0,1.5,2.0,0.5,0.0,0.0,0.0,5,0,5,0
0.4,20.0,2.0,2.0,0.0,0.5,0.0,0.0,0.0,5,0,5,0
0.4,20.0,2.0,2.0,1.0,0.5,0.0,0.0,0.0,5,0,5,0
0.4,20.0,2.0,2.0,2.0,0.5,0.0,0.0,0.0,5,0,5,0
0.4,20.0,2.0,2.5,0.0,0.5,0.0,0.0,0.0,5,0,5,0
0.4,20.0,2.0,2.5,1.0,0.5,0.0,0.0,0.0,5,0,5,0
0.4,20.0,2.0,2.5,2.0,0.5,0.0,0.0,0.0,5,0,5,0
0.4,25.0,1.0,1.5,2.0,0.5,0.0,0.0,0.0,5,0,5,0
0.4,25.0,1.0,2.0,2.0,0.5,0.0,0.0,0.0,5,0,5,0
0.4,25.0,1.0,2.5,2.0,0.5,0.0,0.0,0.0,5,0,5,0
0.4,25.0,2.0,1.5,0.0,0.5,0.0,0.0,0.0,5,0,5,0
0.4,25.0,2.0,1.5,1.0,0.5,0.0,0.0,0.0,5,0,5,0
0.4,25.0,2.0,1.5,2.0,0.5,0.0,0.0,0.0,5,0,5,0
0.4,25.0,2.0,2.0,0.0,0.5,0.0,0.0,0.0,5,0,5,0
0.4,25.0,2.0,2.0,1.0,0.5,0.0,0.0,0.0,5,0,5,0
0.4,25.0,2.0,2.0,2.0,0.5,0.0,0.0,0.0,5,0,5,0
0.4,25.0,2.0,2.5,0.0,0.5,0.0,0.0,0.0,5,0,5,0
0.4,25.0,2.0,2.5,1.0,0.5,0.0,0.0,0.0,5,0,5,0
0.4,25.0,2.0,2.5,2.0,0.5,0.0,0.0,0.0,5,0,5,0
0.4,30.0,1.0,1.5,2.0,0.5,0.0,0.0,0.0,5,0,5,0
0.4,30.0,1.0,2.0,2.0,0.5,0.0,0.0,0.0,5,0,5,0
0.4,30.0,1.0,2.5,2.0,0.5,0.0,0.0,0.0,5,0,5,0
0.4,30.0,2.0,1.5,0.0,0.5,0.0,0.0,0.0,5,0,5,0
0.4,30.0,2.0,1.5,1.0,0.5,0.0,0.0,0.0,5,0,5,0
0.4,30.0,2.0,1.5,2.0,0.5,0.0,0.0,0.0,5,0,5,0
0.4,30.0,2.0,2.0,0.0,0.5,0.0,0.0,0.0,5,0,5,0
0.4,30.0,2.0,2.0,1.0,0.5,0.0,0.0,0.0,5,0,5,0
0.4,30.0,2.0,2.0,2.0,0.5,0.0,0.0,0.0,5,0,5,0
0.4,30.0,2.0,2.5,0.0,0.5,0.0,0.0,0.0,5,0,5,0
0.4,30.0,2.0,2.5,1.0,0.5,0.0,0.0,0.0,5,0,5,0
0.4,30.0,2.0,2.5,2.0,0.5,0.0,0.0,0.0,5,0,5,0
0.4,35.0,1.0,1.5,2.0,0.5,0.0,0.0,0.0,5,0,5,0
0.4,35.0,1.0,2.0,2.0,0.5,0.0,0.0,0.0,5,0,5,0
0.4,35.0,1.0,2.5,2.0,0.5,0.0,0.0,0.0,5,0,5,0
0.4,35.0,2.0,1.5,0.0,0.5,0.0,0.0,0.0,5,0,5,0
0.4,35.0,2.0,1.5,1.0,0.5,0.0,0.0,0.0,5,0,5,0
0.4,35.0,2.0,1.5,2.0,0.5,0.0,0.0,0.0,5,0,5,0
0.4,35.0,2.0,2.0,0.0,0.5,0.0,0.0,0.0,5,0,5,0
0.4,35.0,2.0,2.0,1.0,0.5,0.0,0.0,0.0,5,0,5,0
0.4,35.0,2.0,2.0,2.0,0.5,0.0,0.0,0.0,5,0,5,0
0.4,35.0,2.0,2.5,0.0,0.5,0.0,0.0,0.0,5,0,5,0
0.4,35.0,2.0,2.5,1.0,0.5,0.0,0.0,0.0,5,0,5,0
0.4,35.0,2.0,2.5,2.0,0.5,0.0,0.0,0.0,5,0,5,0
0.4,40.0,1.0,1.5,2.0,0.5,0.0,0.0,0.0,5,0,5,0
0.4,40.0,1.0,2.0,2.0,0.5,0.0,0.0,0.0,5,0,5,0
0.4,40.0,1.0,2.5,2.0,0.5,0.0,0.0,0.0,5,0,5,0
0.4,40.0,2.0,1.5,0.0,0.5,0.0,0.0,0.0,5,0,5,0
0.4,40.0,2.0,1.5,1.0,0.5,0.0,0.0,0.0,5,0,5,0
0.4,40.0,2.0,1.5,2.0,0.5,0.0,0.0,0.0,5,0,5,0
0.4,40.0,2.0,2.0,0.0,0.5,0.0,0.0,0.0,5,0,5,0
0.4,40.0,2.0,2.0,1.0,0.5,0.0,0.0,0.0,5,0,5,0
0.4,40.0,2.0,2.0,2.0,0.5,0.0,0.0,0.0,5,0,5,0
0.4,40.0,2.0,2.5,0.0,0.5,0.0,0.0,0.0,5,0,5,0
0.4,40.0,2.0,2.5,1.0,0.5,0.0,0.0,0.0,5,0,5,0
0.4,40.0,2.0,2.5,2.0,0.5,0.0,0.0,0.0,5,0,5,0
0.45,20.0,1.0,1.5,2.0,0.5,0.0,0.0,0.0,5,0,5,0
0.45,20.0,1.0,2.0,2.0,0.5,0.0,0.0,0.0,5,0,5,0
0.45,20.0,1.0,2.5,2.0,0.5,0.0,0.0,0.0,5,0,5,0
0.45,20.0,2.0,1.5,0.0,0.5,0.0,0.0,0.0,5,0,5,0
0.45,20.0,2.0,1.5,1.0,0.5,0.0,0.0,0.0,5,0,5,0
0.45,20.0,2.0,1.5,2.0,0.5,0.0,0.0,0.0,5,0,5,0
0.45,20.0,2.0,2.0,0.0,0.5,0.0,0.0,0.0,5,0,5,0
0.45,20.0,2.0,2.0,1.0,0.5,0.0,0.0,0.0,5,0,5,0
0.45,20.0,2.0,2.0,2.0,0.5,0.0,0.0,0.0,5,0,5,0
0.45,20.0,2.0,2.5,0.0,0.5,0.0,0.0,0.0,5,0,5,0
0.45,20.0,2.0,2.5,1.0,0.5,0.0,0.0,0.0,5,0,5,0
0.45,20.0,2.0,2.5,2.0,0.5,0.0,0.0,0.0,5,0,5,0
0.45,25.0,1.0,1.5,2.0,0.5,0.0,0.0,0.0,5,0,5,0
0.45,25.0,1.0,2.0,2.0,0.5,0.0,0.0,0.0,5,0,5,0
0.45,25.0,1.0,2.5,2.0,0.5,0.0,0.0,0.0,5,0,5,0
0.45,25.0,2.0,1.5,0.0,0.5,0.0,0.0,0.0,5,0,5,0
0.45,25.0,2.0,1.5,1.0,0.5,0.0,0.0,0.0,5,0,5,0
0.45,25.0,2.0,1.5,2.0,0.5,0.0,0.0,0.0,5,0,5,0
0.45,25.0,2.0,2.0,0.0,0.5,0.0,0.0,0.0,5,0,5,0
0.45,25.0,2.0,2.0,1.0,0.5,0.0,0.0,0.0,5,0,5,0
0.45,25.0,2.0,2.0,2.0,0.5,0.0,0.0,0.0,5,0,5,0
0.45,25.0,2.0,2.5,0.0,0.5,0.0,0.0,0.0,5,0,5,0
0.45,25.0,2.0,2.5,1.0,0.5,0.0,0.0,0.0,5,0,5,0
0.45,25.0,2.0,2.5,2.0,0.5,0.0,0.0,0.0,5,0,5,0
0.45,30.0,1.0,1.5,2.0,0.5,0.0,0.0,0.0,5,0,5,0
0.45,30.0,1.0,2.0,2.0,0.5,0.0,0.0,0.0,5,0,5,0
0.45,30.0,1.0,2.5,2.0,0.5,0.0,0.0,0.0,5,0,5,0
0.45,30.0,2.0,1.5,0.0,0.5,0.0,0.0,0.0,5,0,5,0
0.45,30.0,2.0,1.5,1.0,0.5,0.0,0.0,0.0,5,0,5,0
0.45,30.0,2.0,1.5,2.0,0.5,0.0,0.0,0.0,5,0,5,0
0.45,30.0,2.0,2.0,0.0,0.5,0.0,0.0,0.0,5,0,5,0
0.45,30.0,2.0,2.0,1.0,0.5,0.0,0.0,0.0,5,0,5,0
0.45,30.0,2.0,2.0,2.0,0.5,0.0,0.0,0.0,5,0,5,0
0.45,30.0,2.0,2.5,0.0,0.5,0.0,0.0,0.0,5,0,5,0
0.45,30.0,2.0,2.5,1.0,0.5,0.0,0.0,0.0,5,0,5,0
0.45,30.0,2.0,2.5,2.0,0.5,0.0,0.0,0.0,5,0,5,0
0.45,35.0,1.0,1.5,2.0,0.5,0.0,0.0,0.0,5,0,5,0
0.45,35.0,1.0,2.0,2.0,0.5,0.0,0.0,0.0,5,0,5,0
0.45,35.0,1.0,2.5,2.0,0.5,0.0,0.0,0.0,5,0,5,0
0.45,35.0,2.0,1.5,0.0,0.5,0.0,0.0,0.0,5,0,5,0
0.45,35.0,2.0,1.5,1.0,0.5,0.0,0.0,0.0,5,0,5,0
0.45,35.0,2.0,1.5,2.0,0.5,0.0,0.0,0.0,5,0,5,0
0.45,35.0,2.0,2.0,0.0,0.5,0.0,0.0,0.0,5,0,5,0
0.45,35.0,2.0,2.0,1.0,0.5,0.0,0.0,0.0,5,0,5,0
0.45,35.0,2.0,2.0,2.0,0.5,0.0,0.0,0.0,5,0,5,0
0.45,35.0,2.0,2.5,0.0,0.5,0.0,0.0,0.0,5,0,5,0
0.45,35.0,2.0,2.5,1.0,0.5,0.0,0.0,0.0,5,0,5,0
0.45,35.0,2.0,2.5,2.0,0.5,0.0,0.0,0.0,5,0,5,0
0.45,40.0,1.0,1.5,2.0,0.5,0.0,0.0,0.0,5,0,5,0
0.45,40.0,1.0,2.0,2.0,0.5,0.0,0.0,0.0,5,0,5,0
0.45,40.0,1.0,2.5,2.0,0.5,0.0,0.0,0.0,5,0,5,0
0.45,40.0,2.0,1.5,0.0,0.5,0.0,0.0,0.0,5,0,5,0
0.45,40.0,2.0,1.5,1.0,0.5,0.0,0.0,0.0,5,0,5,0
0.45,40.0,2.0,1.5,2.0,0.5,0.0,0.0,0.0,5,0,5,0
0.45,40.0,2.0,2.0,0.0,0.5,0.0,0.0,0.0,5,0,5,0
0.45,40.0,2.0,2.0,1.0,0.5,0.0,0.0,0.0,5,0,5,0
0.45,40.0,2.0,2.0,2.0,0.5,0.0,0.0,0.0,5,0,5,0
0.45,40.0,2.0,2.5,0.0,0.5,0.0,0.0,0.0,5,0,5,0
0.45,40.0,2.0,2.5,1.0,0.5,0.0,0.0,0.0,5,0,5,0
0.45,40.0,2.0,2.5,2.0,0.5,0.0,0.0,0.0,5,0,5,0
0.5,20.0,1.0,1.5,2.0,0.5,0.0,0.0,0.0,5,0,5,0
0.5,20.0,1.0,2.0,2.0,0.5,0.0,0.0,0.0,5,0,5,0
0.5,20.0,1.0,2.5,2.0,0.5,0.0,0.0,0.0,5,0,5,0
0.5,20.0,2.0,1.5,0.0,0.5,0.0,0.0,0.0,5,0,5,0
0.5,20.0,2.0,1.5,1.0,0.5,0.0,0.0,0.0,5,0,5,0
0.5,20.0,2.0,1.5,2.0,0.5,0.0,0.0,0.0,5,0,5,0
0.5,20.0,2.0,2.0,0.0,0.5,0.0,0.0,0.0,5,0,5,0
0.5,20.0,2.0,2.0,1.0,0.5,0.0,0.0,0.0,5,0,5,0
0.5,20.0,2.0,2.0,2.0,0.5,0.0,0.0,0.0,5,0,5,0
0.5,20.0,2.0,2.5,0.0,0.5,0.0,0.0,0.0,5,0,5,0
0.5,20.0,2.0,2.5,1.0,0.5,0.0,0.0,0.0,5,0,5,0
0.5,20.0,2.0,2.5,2.0,0.5,0.0,0.0,0.0,5,0,5,0
0.5,25.0,1.0,1.5,2.0,0.5,0.0,0.0,0.0,5,0,5,0
0.5,25.0,1.0,2.0,2.0,0.5,0.0,0.0,0.0,5,0,5,0
0.5,25.0,1.0,2.5,2.0,0.5,0.0,0.0,0.0,5,0,5,0
0.5,25.0,2.0,1.5,0.0,0.5,0.0,0.0,0.0,5,0,5,0
0.5,25.0,2.0,1.5,1.0,0.5,0.0,0.0,0.0,5,0,5,0
0.5,25.0,2.0,1.5,2.0,0.5,0.0,0.0,0.0,5,0,5,0
0.5,25.0,2.0,2.0,0.0,0.5,0.0,0.0,0.0,5,0,5,0
0.5,25.0,2.0,2.0,1.0,0.5,0.0,0.0,0.0,5,0,5,0
0.5,25.0,2.0,2.0,2.0,0.5,0.0,0.0,0.0,5,0,5,0
0.5,25.0,2.0,2.5,0.0,0.5,0.0,0.0,0.0,5,0,5,0
0.5,25.0,2.0,2.5,1.0,0.5,0.0,0.0,0.0,5,0,5,0
0.5,25.0,2.0,2.5,2.0,0.5,0.0,0.0,0.0,5,0,5,0
0.5,30.0,1.0,1.5,2.0,0.5,0.0,0.0,0.0,5,0,5,0
0.5,30.0,1.0,2.0,2.0,0.5,0.0,0.0,0.0,5,0,5,0
0.5,30.0,1.0,2.5,2.0,0.5,0.0,0.0,0.0,5,0,5,0
0.5,30.0,2.0,1.5,0.0,0.5,0.0,0.0,0.0,5,0,5,0
0.5,30.0,2.0,1.5,1.0,0.5,0.0,0.0,0.0,5,0,5,0
0.5,30.0,2.0,1.5,2.0,0.5,0.0,0.0,0.0,5,0,5,0
0.5,30.0,2.0,2.0,0.0,0.5,0.0,0.0,0.0,5,0,5,0
0.5,30.0,2.0,2.0,1.0,0.5,0.0,0.0,0.0,5,0,5,0
0.5,30.0,2.0,2.0,2.0,0.5,0.0,0.0,0.0,5,0,5,0
0.5,30.0,2.0,2.5,0.0,0.5,0.0,0.0,0.0,5,0,5,0
0.5,30.0,2.0,2.5,1.0,0.5,0.0,0.0,0.0,5,0,5,0
0.5,30.0,2.0,2.5,2.0,0.5,0.0,0.0,0.0,5,0,5,0
0.5,35.0,1.0,1.5,2.0,0.5,0.0,0.0,0.0,5,0,5,0
0.5,35.0,1.0,2.0,2.0,0.5,0.0,0.0,0.0,5,0,5,0
0.5,35.0,1.0,2.5,2.0,0.5,0.0,0.0,0.0,5,0,5,0
0.5,35.0,2.0,1.5,0.0,0.5,0.0,0.0,0.0,5,0,5,0
0.5,35.0,2.0,1.5,1.0,0.5,0.0,0.0,0.0,5,0,5,0
0.5,35.0,2.0,1.5,2.0,0.5,0.0,0.0,0.0,5,0,5,0
0.5,35.0,2.0,2.0,0.0,0.5,0.0,0.0,0.0,5,0,5,0
0.5,35.0,2.0,2.0,1.0,0.5,0.0,0.0,0.0,5,0,5,0
0.5,35.0,2.0,2.0,2.0,0.5,0.0,0.0,0.0,5,0,5,0
0.5,35.0,2.0,2.5,0.0,0.5,0.0,0.0,0.0,5,0,5,0
0.5,35.0,2.0,2.5,1.0,0.5,0.0,0.0,0.0,5,0,5,0
0.5,35.0,2.0,2.5,2.0,0.5,0.0,0.0,0.0,5,0,5,0
0.5,40.0,1.0,1.5,2.0,0.5,0.0,0.0,0.0,5,0,5,0
0.5,40.0,1.0,2.0,2.0,0.5,0.0,0.0,0.0,5,0,5,0
0.5,40.0,1.0,2.5,2.0,0.5,0.0,0.0,0.0,5,0,5,0
0.5,40.0,2.0,1.5,0.0,0.5,0.0,0.0,0.0,5,0,5,0
0.5,40.0,2.0,1.5,1.0,0.5,0.0,0.0,0.0,5,0,5,0
0.5,40.0,2.0,1.5,2.0,0.5,0.0,0.0,0.0,5,0,5,0
0.5,40.0,2.0,2.0,0.0,0.5,0.0,0.0,0.0,5,0,5,0
0.5,40.0,2.0,2.0,1.0,0.5,0.0,0.0,0.0,5,0,5,0
0.5,40.0,2.0,2.0,2.0,0.5,0.0,0.0,0.0,5,0,5,0
0.5,40.0,2.0,2.5,0.0,0.5,0.0,0.0,0.0,5,0,5,0
0.5,40.0,2.0,2.5,1.0,0.5,0.0,0.0,0.0,5,0,5,0
0.5,40.0,2.0,2.5,2.0,0.5,0.0,0.0,0.0,5,0,5,0
